,1_Jun-Lung_Control,2_Jun-Lung_GSK,3_Aug-Lung2_PD1,4_Aug-Lung3_GSK,5_Aug-Lung4_Combo,6_Oct-Lung_Placebo
Ezh2(+),0.0019093348427399067,0.0015027923874773943,0.0008685892693962365,0.0002975438509737425,0.0021517996556081405,0.0003780166300804371
